<application>
  <component name="FileTypeManager" version="18">
    <extensionMap>
      <mapping pattern="纲要" type="AUTO_DETECTED" />
      <mapping pattern="灵光乍现" type="AUTO_DETECTED" />
      <mapping pattern="1-地铁怪长者" type="AUTO_DETECTED" />
      <mapping pattern="传递" type="AUTO_DETECTED" />
      <mapping pattern="混沌前夜" type="AUTO_DETECTED" />
      <mapping pattern="序章" type="AUTO_DETECTED" />
      <mapping pattern="脑机接口" type="AUTO_DETECTED" />
      <removed_mapping ext="apk" approved="true" type="ARCHIVE" />
      <removed_mapping ext="psd" approved="true" type="Image" />
    </extensionMap>
  </component>
</application>