<application>
  <component name="GraziConfig">
    <option name="enabledLanguages">
      <set>
        <option value="English (US)" />
        <option value="Chinese" />
      </set>
    </option>
    <option name="userDisabledRules">
      <set>
        <option value="LanguageTool.ZH.wa5" />
      </set>
    </option>
    <option name="suppressingContext">
      <SuppressingContext>
        <option name="suppressed">
          <set>
            <option value="shit" />
          </set>
        </option>
      </SuppressingContext>
    </option>
  </component>
</application>