<application>
  <component name="FileTypeManager" version="18">
    <extensionMap>
      <mapping pattern="Demo" type="AUTO_DETECTED" />
      <mapping pattern="words" type="AUTO_DETECTED" />
      <mapping pattern="trash" type="AUTO_DETECTED" />
      <mapping ext="gradle.kts" type="Kotlin" />
      <mapping ext="main.kts" type="Kotlin" />
      <mapping pattern=".basketball.py.swp" type="PLAIN_TEXT" />
      <mapping pattern=".hugo_build.lock" type="PLAIN_TEXT" />
      <removed_mapping ext="apk" approved="true" type="ARCHIVE" />
      <removed_mapping ext="psd" approved="true" type="Image" />
    </extensionMap>
  </component>
</application>